login,Password
user,password
user1,password
user2,password
user3,password
user4,password
user6,password
user7,password
user8,password
user9,password
user10,password
user11,password
user12,password
user13,password
user14,password
user15,password
user16,password
user17,password
user18,password
user19,password
user20,password
user21,password
user22,password
user23,password
user24,password
user25,password
user26,password
user27,password
user28,password
user29,password
user30,password
user31,password
user32,password
user33,password
user34,password
user35,password
user36,password
user37,password
user38,password
user39,password
user40,password
user41,password
user42,password
user43,password
user44,password
user45,password
user46,password
user47,password
user48,password
user49,password
user50,password
user51,password
user52,password
user53,password
user54,password
user55,password
user56,password
user57,password
user58,password
user59,password
user60,password
user61,password
user62,password
user63,password
user64,password
user65,password
user66,password
user67,password
user68,password
user69,password
user70,password
user71,password
user72,password
user73,password
user74,password
user75,password
user76,password
user77,password
user78,password
user79,password
user80,password
user81,password
user82,password
user83,password
user84,password
user85,password
user86,password
user87,password
user88,password
user89,password
user90,password
user91,password
user92,password
user93,password
user94,password
user95,password
user96,password
user97,password
user98,password
user99,password
user100,password
